"LOCATION","INDICATOR","SUBJECT","MEASURE","FREQUENCY","TIME","Value","Flag Codes"
"AUS","HEALTHEXP","TOT","USD_CAP","A","2016",4624.966,"D"
"AUS","HEALTHEXP","TOT","USD_CAP","A","2017",4659.025,"D"
"AUS","HEALTHEXP","TOT","USD_CAP","A","2018",4793.46,"D"
"AUS","HEALTHEXP","TOT","USD_CAP","A","2019",4919.24,"E"
"AUT","HEALTHEXP","TOT","USD_CAP","A","2016",5195.531,
"AUT","HEALTHEXP","TOT","USD_CAP","A","2017",5315.353,
"AUT","HEALTHEXP","TOT","USD_CAP","A","2018",5544.767,
"AUT","HEALTHEXP","TOT","USD_CAP","A","2019",5705.102,
"AUT","HEALTHEXP","TOT","USD_CAP","A","2020",5899.139,"P"
"BEL","HEALTHEXP","TOT","USD_CAP","A","2016",5003.902,
"BEL","HEALTHEXP","TOT","USD_CAP","A","2017",5136.174,
"BEL","HEALTHEXP","TOT","USD_CAP","A","2018",5358.892,
"BEL","HEALTHEXP","TOT","USD_CAP","A","2019",5458.401,
"CAN","HEALTHEXP","TOT","USD_CAP","A","2016",5039.601,
"CAN","HEALTHEXP","TOT","USD_CAP","A","2017",5138.19,
"CAN","HEALTHEXP","TOT","USD_CAP","A","2018",5330.848,
"CAN","HEALTHEXP","TOT","USD_CAP","A","2019",5370.442,"P"
"CZE","HEALTHEXP","TOT","USD_CAP","A","2016",2670.97,
"CZE","HEALTHEXP","TOT","USD_CAP","A","2017",2873.306,
"CZE","HEALTHEXP","TOT","USD_CAP","A","2018",3174.386,
"CZE","HEALTHEXP","TOT","USD_CAP","A","2019",3417.487,
"DNK","HEALTHEXP","TOT","USD_CAP","A","2016",4849.758,
"DNK","HEALTHEXP","TOT","USD_CAP","A","2017",5083.278,
"DNK","HEALTHEXP","TOT","USD_CAP","A","2018",5316.577,
"DNK","HEALTHEXP","TOT","USD_CAP","A","2019",5477.567,
"FIN","HEALTHEXP","TOT","USD_CAP","A","2016",4103.556,
"FIN","HEALTHEXP","TOT","USD_CAP","A","2017",4215.312,
"FIN","HEALTHEXP","TOT","USD_CAP","A","2018",4379.886,
"FIN","HEALTHEXP","TOT","USD_CAP","A","2019",4561.471,
"FRA","HEALTHEXP","TOT","USD_CAP","A","2016",4922.263,
"FRA","HEALTHEXP","TOT","USD_CAP","A","2017",4994.828,
"FRA","HEALTHEXP","TOT","USD_CAP","A","2018",5136.2,
"FRA","HEALTHEXP","TOT","USD_CAP","A","2019",5274.26,
"DEU","HEALTHEXP","TOT","USD_CAP","A","2016",5670.578,
"DEU","HEALTHEXP","TOT","USD_CAP","A","2017",5959.529,
"DEU","HEALTHEXP","TOT","USD_CAP","A","2018",6291.041,
"DEU","HEALTHEXP","TOT","USD_CAP","A","2019",6518.004,
"DEU","HEALTHEXP","TOT","USD_CAP","A","2020",6730.942,"P"
"GRC","HEALTHEXP","TOT","USD_CAP","A","2016",2220.862,
"GRC","HEALTHEXP","TOT","USD_CAP","A","2017",2245.122,
"GRC","HEALTHEXP","TOT","USD_CAP","A","2018",2290.646,
"GRC","HEALTHEXP","TOT","USD_CAP","A","2019",2318.964,
"HUN","HEALTHEXP","TOT","USD_CAP","A","2016",1999.683,
"HUN","HEALTHEXP","TOT","USD_CAP","A","2017",2000.095,
"HUN","HEALTHEXP","TOT","USD_CAP","A","2018",2102.765,
"HUN","HEALTHEXP","TOT","USD_CAP","A","2019",2169.772,
"ISL","HEALTHEXP","TOT","USD_CAP","A","2016",3932.084,
"ISL","HEALTHEXP","TOT","USD_CAP","A","2017",4135.023,
"ISL","HEALTHEXP","TOT","USD_CAP","A","2018",4376.857,
"ISL","HEALTHEXP","TOT","USD_CAP","A","2019",4540.762,
"ISL","HEALTHEXP","TOT","USD_CAP","A","2020",5034.092,"P"
"IRL","HEALTHEXP","TOT","USD_CAP","A","2016",4536.744,
"IRL","HEALTHEXP","TOT","USD_CAP","A","2017",4683.364,
"IRL","HEALTHEXP","TOT","USD_CAP","A","2018",4897.59,
"IRL","HEALTHEXP","TOT","USD_CAP","A","2019",5083.213,
"IRL","HEALTHEXP","TOT","USD_CAP","A","2020",5604.209,"P"
"ITA","HEALTHEXP","TOT","USD_CAP","A","2016",3274.024,
"ITA","HEALTHEXP","TOT","USD_CAP","A","2017",3376.084,
"ITA","HEALTHEXP","TOT","USD_CAP","A","2018",3522.076,
"ITA","HEALTHEXP","TOT","USD_CAP","A","2019",3653.401,
"ITA","HEALTHEXP","TOT","USD_CAP","A","2020",3819.39,"P"
"JPN","HEALTHEXP","TOT","USD_CAP","A","2016",4295.858,
"JPN","HEALTHEXP","TOT","USD_CAP","A","2017",4412.852,
"JPN","HEALTHEXP","TOT","USD_CAP","A","2018",4558.669,
"JPN","HEALTHEXP","TOT","USD_CAP","A","2019",4691.462,"E"
"KOR","HEALTHEXP","TOT","USD_CAP","A","2016",2664.734,
"KOR","HEALTHEXP","TOT","USD_CAP","A","2017",2802.355,
"KOR","HEALTHEXP","TOT","USD_CAP","A","2018",3091.826,
"KOR","HEALTHEXP","TOT","USD_CAP","A","2019",3406.256,
"KOR","HEALTHEXP","TOT","USD_CAP","A","2020",3493.695,"P"
"LUX","HEALTHEXP","TOT","USD_CAP","A","2016",4864.255,
"LUX","HEALTHEXP","TOT","USD_CAP","A","2017",4988.997,
"LUX","HEALTHEXP","TOT","USD_CAP","A","2018",5220.868,
"LUX","HEALTHEXP","TOT","USD_CAP","A","2019",5414.482,
"MEX","HEALTHEXP","TOT","USD_CAP","A","2016",1102.809,
"MEX","HEALTHEXP","TOT","USD_CAP","A","2017",1099.647,
"MEX","HEALTHEXP","TOT","USD_CAP","A","2018",1116.032,
"MEX","HEALTHEXP","TOT","USD_CAP","A","2019",1132.966,
"NLD","HEALTHEXP","TOT","USD_CAP","A","2016",5075.641,
"NLD","HEALTHEXP","TOT","USD_CAP","A","2017",5253.773,
"NLD","HEALTHEXP","TOT","USD_CAP","A","2018",5538.095,
"NLD","HEALTHEXP","TOT","USD_CAP","A","2019",5739.201,
"NLD","HEALTHEXP","TOT","USD_CAP","A","2020",6298.506,"P"
"NZL","HEALTHEXP","TOT","USD_CAP","A","2016",3732.589,"P"
"NZL","HEALTHEXP","TOT","USD_CAP","A","2017",3842.325,"P"
"NZL","HEALTHEXP","TOT","USD_CAP","A","2018",4058.746,"P"
"NZL","HEALTHEXP","TOT","USD_CAP","A","2019",4211.854,"E"
"NOR","HEALTHEXP","TOT","USD_CAP","A","2016",5904.221,
"NOR","HEALTHEXP","TOT","USD_CAP","A","2017",6234.377,
"NOR","HEALTHEXP","TOT","USD_CAP","A","2018",6536.761,
"NOR","HEALTHEXP","TOT","USD_CAP","A","2019",6744.623,
"NOR","HEALTHEXP","TOT","USD_CAP","A","2020",6748.433,"P"
"POL","HEALTHEXP","TOT","USD_CAP","A","2016",1959.094,
"POL","HEALTHEXP","TOT","USD_CAP","A","2017",2062.735,
"POL","HEALTHEXP","TOT","USD_CAP","A","2018",2122.841,
"POL","HEALTHEXP","TOT","USD_CAP","A","2019",2289.309,
"POL","HEALTHEXP","TOT","USD_CAP","A","2020",2546.964,"P"
"PRT","HEALTHEXP","TOT","USD_CAP","A","2016",2815.178,
"PRT","HEALTHEXP","TOT","USD_CAP","A","2017",2906.395,
"PRT","HEALTHEXP","TOT","USD_CAP","A","2018",3152.797,
"PRT","HEALTHEXP","TOT","USD_CAP","A","2019",3347.429,
"PRT","HEALTHEXP","TOT","USD_CAP","A","2020",3308.319,"P"
"SVK","HEALTHEXP","TOT","USD_CAP","A","2016",2039.611,
"SVK","HEALTHEXP","TOT","USD_CAP","A","2017",1974.467,
"SVK","HEALTHEXP","TOT","USD_CAP","A","2018",2049.468,
"SVK","HEALTHEXP","TOT","USD_CAP","A","2019",2189.052,
"ESP","HEALTHEXP","TOT","USD_CAP","A","2016",3148.584,
"ESP","HEALTHEXP","TOT","USD_CAP","A","2017",3320.594,
"ESP","HEALTHEXP","TOT","USD_CAP","A","2018",3443.656,
"ESP","HEALTHEXP","TOT","USD_CAP","A","2019",3600.277,"P"
"SWE","HEALTHEXP","TOT","USD_CAP","A","2016",5127.574,
"SWE","HEALTHEXP","TOT","USD_CAP","A","2017",5219.41,
"SWE","HEALTHEXP","TOT","USD_CAP","A","2018",5456.547,
"SWE","HEALTHEXP","TOT","USD_CAP","A","2019",5551.937,
"SWE","HEALTHEXP","TOT","USD_CAP","A","2020",5753.559,"P"
"CHE","HEALTHEXP","TOT","USD_CAP","A","2016",6808.027,
"CHE","HEALTHEXP","TOT","USD_CAP","A","2017",6866.474,
"CHE","HEALTHEXP","TOT","USD_CAP","A","2018",6978.086,
"CHE","HEALTHEXP","TOT","USD_CAP","A","2019",7138.064,
"TUR","HEALTHEXP","TOT","USD_CAP","A","2016",1128.754,
"TUR","HEALTHEXP","TOT","USD_CAP","A","2017",1175.655,
"TUR","HEALTHEXP","TOT","USD_CAP","A","2018",1214.124,
"TUR","HEALTHEXP","TOT","USD_CAP","A","2019",1266.935,
"GBR","HEALTHEXP","TOT","USD_CAP","A","2016",3988.944,
"GBR","HEALTHEXP","TOT","USD_CAP","A","2017",4096.018,
"GBR","HEALTHEXP","TOT","USD_CAP","A","2018",4288.654,
"GBR","HEALTHEXP","TOT","USD_CAP","A","2019",4500.141,
"GBR","HEALTHEXP","TOT","USD_CAP","A","2020",5267.705,"P"
"USA","HEALTHEXP","TOT","USD_CAP","A","2016",9777.261,
"USA","HEALTHEXP","TOT","USD_CAP","A","2017",10106.176,
"USA","HEALTHEXP","TOT","USD_CAP","A","2018",10528.48,
"USA","HEALTHEXP","TOT","USD_CAP","A","2019",10948.475,
"CHL","HEALTHEXP","TOT","USD_CAP","A","2016",1941.256,
"CHL","HEALTHEXP","TOT","USD_CAP","A","2017",2119.552,
"CHL","HEALTHEXP","TOT","USD_CAP","A","2018",2131.03,
"CHL","HEALTHEXP","TOT","USD_CAP","A","2019",2291.464,
"CHL","HEALTHEXP","TOT","USD_CAP","A","2020",2231.567,"P"
"EST","HEALTHEXP","TOT","USD_CAP","A","2016",2028.237,
"EST","HEALTHEXP","TOT","USD_CAP","A","2017",2201.895,
"EST","HEALTHEXP","TOT","USD_CAP","A","2018",2365.786,
"EST","HEALTHEXP","TOT","USD_CAP","A","2019",2507.068,
"EST","HEALTHEXP","TOT","USD_CAP","A","2020",2948.505,"P"
"ISR","HEALTHEXP","TOT","USD_CAP","A","2016",2524.083,
"ISR","HEALTHEXP","TOT","USD_CAP","A","2017",2626.181,
"ISR","HEALTHEXP","TOT","USD_CAP","A","2018",2836.329,
"ISR","HEALTHEXP","TOT","USD_CAP","A","2019",2903.412,
"SVN","HEALTHEXP","TOT","USD_CAP","A","2016",2738.224,
"SVN","HEALTHEXP","TOT","USD_CAP","A","2017",2832.646,
"SVN","HEALTHEXP","TOT","USD_CAP","A","2018",3060.734,
"SVN","HEALTHEXP","TOT","USD_CAP","A","2019",3303.471,
"SVN","HEALTHEXP","TOT","USD_CAP","A","2020",3783.152,"P"
"CHN","HEALTHEXP","TOT","USD_CAP","A","2016",668.096,
"CHN","HEALTHEXP","TOT","USD_CAP","A","2017",730.375,
"CHN","HEALTHEXP","TOT","USD_CAP","A","2018",810.845,
"COL","HEALTHEXP","TOT","USD_CAP","A","2016",1101.628,
"COL","HEALTHEXP","TOT","USD_CAP","A","2017",1139.442,
"COL","HEALTHEXP","TOT","USD_CAP","A","2018",1195.354,
"COL","HEALTHEXP","TOT","USD_CAP","A","2019",1276.209,"P"
"IND","HEALTHEXP","TOT","USD_CAP","A","2016",224.324,
"IND","HEALTHEXP","TOT","USD_CAP","A","2017",238.103,
"IND","HEALTHEXP","TOT","USD_CAP","A","2018",257.403,
"IDN","HEALTHEXP","TOT","USD_CAP","A","2016",330.886,
"IDN","HEALTHEXP","TOT","USD_CAP","A","2017",316.239,
"IDN","HEALTHEXP","TOT","USD_CAP","A","2018",336.726,
"LVA","HEALTHEXP","TOT","USD_CAP","A","2016",1613.803,
"LVA","HEALTHEXP","TOT","USD_CAP","A","2017",1676.414,
"LVA","HEALTHEXP","TOT","USD_CAP","A","2018",1867.283,
"LVA","HEALTHEXP","TOT","USD_CAP","A","2019",2074.007,
"LTU","HEALTHEXP","TOT","USD_CAP","A","2016",2097.796,
"LTU","HEALTHEXP","TOT","USD_CAP","A","2017",2230.967,
"LTU","HEALTHEXP","TOT","USD_CAP","A","2018",2414.809,
"LTU","HEALTHEXP","TOT","USD_CAP","A","2019",2727.189,
"LTU","HEALTHEXP","TOT","USD_CAP","A","2020",2940.665,"P"
"RUS","HEALTHEXP","TOT","USD_CAP","A","2016",1406.271,
"RUS","HEALTHEXP","TOT","USD_CAP","A","2017",1521,
"RUS","HEALTHEXP","TOT","USD_CAP","A","2018",1713.947,
"RUS","HEALTHEXP","TOT","USD_CAP","A","2019",1850.261,
"ZAF","HEALTHEXP","TOT","USD_CAP","A","2016",1056.591,
"ZAF","HEALTHEXP","TOT","USD_CAP","A","2017",1072.354,
"ZAF","HEALTHEXP","TOT","USD_CAP","A","2018",1103.532,
"CRI","HEALTHEXP","TOT","USD_CAP","A","2016",1413.267,
"CRI","HEALTHEXP","TOT","USD_CAP","A","2017",1445.438,
"CRI","HEALTHEXP","TOT","USD_CAP","A","2018",1548.048,"D"
"CRI","HEALTHEXP","TOT","USD_CAP","A","2019",1599.817,"B"
"BGR","HEALTHEXP","TOT","USD_CAP","A","2016",1598.353,
"BGR","HEALTHEXP","TOT","USD_CAP","A","2017",1692.692,
"BGR","HEALTHEXP","TOT","USD_CAP","A","2018",1784.062,
"BGR","HEALTHEXP","TOT","USD_CAP","A","2019",1842.048,
"HRV","HEALTHEXP","TOT","USD_CAP","A","2016",1675.372,
"HRV","HEALTHEXP","TOT","USD_CAP","A","2017",1762.645,
"HRV","HEALTHEXP","TOT","USD_CAP","A","2018",1900.971,
"HRV","HEALTHEXP","TOT","USD_CAP","A","2019",2014.205,
"CYP","HEALTHEXP","TOT","USD_CAP","A","2016",2267.338,
"CYP","HEALTHEXP","TOT","USD_CAP","A","2017",2384.063,
"CYP","HEALTHEXP","TOT","USD_CAP","A","2018",2606.43,
"CYP","HEALTHEXP","TOT","USD_CAP","A","2019",2722.232,
"MLT","HEALTHEXP","TOT","USD_CAP","A","2016",3451.508,
"MLT","HEALTHEXP","TOT","USD_CAP","A","2017",3691.342,
"MLT","HEALTHEXP","TOT","USD_CAP","A","2018",3820.418,
"ROU","HEALTHEXP","TOT","USD_CAP","A","2016",1250.961,
"ROU","HEALTHEXP","TOT","USD_CAP","A","2017",1413.859,
"ROU","HEALTHEXP","TOT","USD_CAP","A","2018",1664.296,
"ROU","HEALTHEXP","TOT","USD_CAP","A","2019",1895.017,
"AUS","HEALTHEXP","COMPULSORY","USD_CAP","A","2016",3053.117,"D"
"AUS","HEALTHEXP","COMPULSORY","USD_CAP","A","2017",3091.112,"D"
"AUS","HEALTHEXP","COMPULSORY","USD_CAP","A","2018",3192.682,"D"
"AUS","HEALTHEXP","COMPULSORY","USD_CAP","A","2019",3378.808,"E"
"AUS","HEALTHEXP","VOLUNTARY","USD_CAP","A","2016",1571.849,"D"
"AUS","HEALTHEXP","VOLUNTARY","USD_CAP","A","2017",1567.913,"D"
"AUS","HEALTHEXP","VOLUNTARY","USD_CAP","A","2018",1600.779,"D"
"AUS","HEALTHEXP","VOLUNTARY","USD_CAP","A","2019",1540.433,"E"
"AUT","HEALTHEXP","COMPULSORY","USD_CAP","A","2016",3842.678,
"AUT","HEALTHEXP","COMPULSORY","USD_CAP","A","2017",3934.347,
"AUT","HEALTHEXP","COMPULSORY","USD_CAP","A","2018",4149.584,
"AUT","HEALTHEXP","COMPULSORY","USD_CAP","A","2019",4292.127,
"AUT","HEALTHEXP","COMPULSORY","USD_CAP","A","2020",4504.329,"P"
"AUT","HEALTHEXP","VOLUNTARY","USD_CAP","A","2016",1352.853,"D"
"AUT","HEALTHEXP","VOLUNTARY","USD_CAP","A","2017",1381.006,"D"
"AUT","HEALTHEXP","VOLUNTARY","USD_CAP","A","2018",1395.183,"D"
"AUT","HEALTHEXP","VOLUNTARY","USD_CAP","A","2019",1412.975,"D"
"AUT","HEALTHEXP","VOLUNTARY","USD_CAP","A","2020",1394.81,"P"
"BEL","HEALTHEXP","COMPULSORY","USD_CAP","A","2016",3865.947,
"BEL","HEALTHEXP","COMPULSORY","USD_CAP","A","2017",3972.833,
"BEL","HEALTHEXP","COMPULSORY","USD_CAP","A","2018",4118.526,
"BEL","HEALTHEXP","COMPULSORY","USD_CAP","A","2019",4192.436,
"BEL","HEALTHEXP","VOLUNTARY","USD_CAP","A","2016",1137.955,
"BEL","HEALTHEXP","VOLUNTARY","USD_CAP","A","2017",1163.341,
"BEL","HEALTHEXP","VOLUNTARY","USD_CAP","A","2018",1240.366,
"BEL","HEALTHEXP","VOLUNTARY","USD_CAP","A","2019",1265.965,
"CAN","HEALTHEXP","COMPULSORY","USD_CAP","A","2016",3510.241,
"CAN","HEALTHEXP","COMPULSORY","USD_CAP","A","2017",3586.306,
"CAN","HEALTHEXP","COMPULSORY","USD_CAP","A","2018",3740.63,
"CAN","HEALTHEXP","COMPULSORY","USD_CAP","A","2019",3768.303,"P"
"CAN","HEALTHEXP","VOLUNTARY","USD_CAP","A","2016",1529.359,
"CAN","HEALTHEXP","VOLUNTARY","USD_CAP","A","2017",1551.884,
"CAN","HEALTHEXP","VOLUNTARY","USD_CAP","A","2018",1590.218,
"CAN","HEALTHEXP","VOLUNTARY","USD_CAP","A","2019",1602.139,"P"
"CZE","HEALTHEXP","COMPULSORY","USD_CAP","A","2016",2189.597,
"CZE","HEALTHEXP","COMPULSORY","USD_CAP","A","2017",2358.811,
"CZE","HEALTHEXP","COMPULSORY","USD_CAP","A","2018",2635.761,
"CZE","HEALTHEXP","COMPULSORY","USD_CAP","A","2019",2795.55,
"CZE","HEALTHEXP","VOLUNTARY","USD_CAP","A","2016",481.373,
"CZE","HEALTHEXP","VOLUNTARY","USD_CAP","A","2017",514.496,
"CZE","HEALTHEXP","VOLUNTARY","USD_CAP","A","2018",538.625,
"CZE","HEALTHEXP","VOLUNTARY","USD_CAP","A","2019",621.937,
"DNK","HEALTHEXP","COMPULSORY","USD_CAP","A","2016",4079.733,
"DNK","HEALTHEXP","COMPULSORY","USD_CAP","A","2017",4271.174,
"DNK","HEALTHEXP","COMPULSORY","USD_CAP","A","2018",4459.575,
"DNK","HEALTHEXP","COMPULSORY","USD_CAP","A","2019",4562.246,
"DNK","HEALTHEXP","VOLUNTARY","USD_CAP","A","2016",770.024,
"DNK","HEALTHEXP","VOLUNTARY","USD_CAP","A","2017",812.103,
"DNK","HEALTHEXP","VOLUNTARY","USD_CAP","A","2018",857.002,
"DNK","HEALTHEXP","VOLUNTARY","USD_CAP","A","2019",915.321,
"FIN","HEALTHEXP","COMPULSORY","USD_CAP","A","2016",3127.993,
"FIN","HEALTHEXP","COMPULSORY","USD_CAP","A","2017",3221.254,
"FIN","HEALTHEXP","COMPULSORY","USD_CAP","A","2018",3368.898,
"FIN","HEALTHEXP","COMPULSORY","USD_CAP","A","2019",3550.344,
"FIN","HEALTHEXP","VOLUNTARY","USD_CAP","A","2016",975.564,
"FIN","HEALTHEXP","VOLUNTARY","USD_CAP","A","2017",994.058,
"FIN","HEALTHEXP","VOLUNTARY","USD_CAP","A","2018",1010.988,
"FIN","HEALTHEXP","VOLUNTARY","USD_CAP","A","2019",1011.127,
"FRA","HEALTHEXP","COMPULSORY","USD_CAP","A","2016",4086.625,
"FRA","HEALTHEXP","COMPULSORY","USD_CAP","A","2017",4154.645,
"FRA","HEALTHEXP","COMPULSORY","USD_CAP","A","2018",4289.553,
"FRA","HEALTHEXP","COMPULSORY","USD_CAP","A","2019",4414.98,
"FRA","HEALTHEXP","VOLUNTARY","USD_CAP","A","2016",835.638,
"FRA","HEALTHEXP","VOLUNTARY","USD_CAP","A","2017",840.183,
"FRA","HEALTHEXP","VOLUNTARY","USD_CAP","A","2018",846.647,
"FRA","HEALTHEXP","VOLUNTARY","USD_CAP","A","2019",859.28,
"DEU","HEALTHEXP","COMPULSORY","USD_CAP","A","2016",4781.354,
"DEU","HEALTHEXP","COMPULSORY","USD_CAP","A","2017",5037.283,
"DEU","HEALTHEXP","COMPULSORY","USD_CAP","A","2018",5313.833,
"DEU","HEALTHEXP","COMPULSORY","USD_CAP","A","2019",5514.432,
"DEU","HEALTHEXP","COMPULSORY","USD_CAP","A","2020",5728.947,"P"
"DEU","HEALTHEXP","VOLUNTARY","USD_CAP","A","2016",889.208,
"DEU","HEALTHEXP","VOLUNTARY","USD_CAP","A","2017",922.23,
"DEU","HEALTHEXP","VOLUNTARY","USD_CAP","A","2018",977.208,
"DEU","HEALTHEXP","VOLUNTARY","USD_CAP","A","2019",1003.573,
"DEU","HEALTHEXP","VOLUNTARY","USD_CAP","A","2020",1001.979,"P"
"GRC","HEALTHEXP","COMPULSORY","USD_CAP","A","2016",1348.87,
"GRC","HEALTHEXP","COMPULSORY","USD_CAP","A","2017",1357.319,
"GRC","HEALTHEXP","COMPULSORY","USD_CAP","A","2018",1338.374,
"GRC","HEALTHEXP","COMPULSORY","USD_CAP","A","2019",1385.758,
"GRC","HEALTHEXP","VOLUNTARY","USD_CAP","A","2016",866.221,
"GRC","HEALTHEXP","VOLUNTARY","USD_CAP","A","2017",883.779,
"GRC","HEALTHEXP","VOLUNTARY","USD_CAP","A","2018",949.16,
"GRC","HEALTHEXP","VOLUNTARY","USD_CAP","A","2019",930.01,
"HUN","HEALTHEXP","COMPULSORY","USD_CAP","A","2016",1361.359,
"HUN","HEALTHEXP","COMPULSORY","USD_CAP","A","2017",1375.745,
"HUN","HEALTHEXP","COMPULSORY","USD_CAP","A","2018",1469.617,
"HUN","HEALTHEXP","COMPULSORY","USD_CAP","A","2019",1482.511,
"HUN","HEALTHEXP","VOLUNTARY","USD_CAP","A","2016",638.325,
"HUN","HEALTHEXP","VOLUNTARY","USD_CAP","A","2017",624.35,
"HUN","HEALTHEXP","VOLUNTARY","USD_CAP","A","2018",633.148,
"HUN","HEALTHEXP","VOLUNTARY","USD_CAP","A","2019",687.261,
"ISL","HEALTHEXP","COMPULSORY","USD_CAP","A","2016",3204.993,
"ISL","HEALTHEXP","COMPULSORY","USD_CAP","A","2017",3389.35,
"ISL","HEALTHEXP","COMPULSORY","USD_CAP","A","2018",3609.403,
"ISL","HEALTHEXP","COMPULSORY","USD_CAP","A","2019",3763.782,
"ISL","HEALTHEXP","COMPULSORY","USD_CAP","A","2020",4218.781,"P"
"ISL","HEALTHEXP","VOLUNTARY","USD_CAP","A","2016",727.091,
"ISL","HEALTHEXP","VOLUNTARY","USD_CAP","A","2017",745.673,
"ISL","HEALTHEXP","VOLUNTARY","USD_CAP","A","2018",767.454,
"ISL","HEALTHEXP","VOLUNTARY","USD_CAP","A","2019",776.979,
"ISL","HEALTHEXP","VOLUNTARY","USD_CAP","A","2020",815.311,"P"
"IRL","HEALTHEXP","COMPULSORY","USD_CAP","A","2016",3299.179,
"IRL","HEALTHEXP","COMPULSORY","USD_CAP","A","2017",3417.878,
"IRL","HEALTHEXP","COMPULSORY","USD_CAP","A","2018",3630.391,
"IRL","HEALTHEXP","COMPULSORY","USD_CAP","A","2019",3790.959,
"IRL","HEALTHEXP","COMPULSORY","USD_CAP","A","2020",4319.089,"P"
"IRL","HEALTHEXP","VOLUNTARY","USD_CAP","A","2016",1237.565,
"IRL","HEALTHEXP","VOLUNTARY","USD_CAP","A","2017",1265.486,
"IRL","HEALTHEXP","VOLUNTARY","USD_CAP","A","2018",1267.2,
"IRL","HEALTHEXP","VOLUNTARY","USD_CAP","A","2019",1292.253,
"IRL","HEALTHEXP","VOLUNTARY","USD_CAP","A","2020",1285.12,"P"
"ITA","HEALTHEXP","COMPULSORY","USD_CAP","A","2016",2435.908,
"ITA","HEALTHEXP","COMPULSORY","USD_CAP","A","2017",2489.368,
"ITA","HEALTHEXP","COMPULSORY","USD_CAP","A","2018",2600.815,
"ITA","HEALTHEXP","COMPULSORY","USD_CAP","A","2019",2700.569,
"ITA","HEALTHEXP","COMPULSORY","USD_CAP","A","2020",2913.652,"P"
"ITA","HEALTHEXP","VOLUNTARY","USD_CAP","A","2016",838.116,
"ITA","HEALTHEXP","VOLUNTARY","USD_CAP","A","2017",886.716,
"ITA","HEALTHEXP","VOLUNTARY","USD_CAP","A","2018",921.26,
"ITA","HEALTHEXP","VOLUNTARY","USD_CAP","A","2019",952.832,
"ITA","HEALTHEXP","VOLUNTARY","USD_CAP","A","2020",905.738,"P"
"JPN","HEALTHEXP","COMPULSORY","USD_CAP","A","2016",3610.119,
"JPN","HEALTHEXP","COMPULSORY","USD_CAP","A","2017",3716.269,
"JPN","HEALTHEXP","COMPULSORY","USD_CAP","A","2018",3818.84,
"JPN","HEALTHEXP","COMPULSORY","USD_CAP","A","2019",3936.644,"E"
"JPN","HEALTHEXP","VOLUNTARY","USD_CAP","A","2016",685.739,
"JPN","HEALTHEXP","VOLUNTARY","USD_CAP","A","2017",696.582,
"JPN","HEALTHEXP","VOLUNTARY","USD_CAP","A","2018",739.829,
"JPN","HEALTHEXP","VOLUNTARY","USD_CAP","A","2019",754.819,"E"
"KOR","HEALTHEXP","COMPULSORY","USD_CAP","A","2016",1571.99,
"KOR","HEALTHEXP","COMPULSORY","USD_CAP","A","2017",1670.025,
"KOR","HEALTHEXP","COMPULSORY","USD_CAP","A","2018",1857.071,
"KOR","HEALTHEXP","COMPULSORY","USD_CAP","A","2019",2077.164,
"KOR","HEALTHEXP","COMPULSORY","USD_CAP","A","2020",2171.809,"P"
"KOR","HEALTHEXP","VOLUNTARY","USD_CAP","A","2016",1092.744,
"KOR","HEALTHEXP","VOLUNTARY","USD_CAP","A","2017",1132.33,
"KOR","HEALTHEXP","VOLUNTARY","USD_CAP","A","2018",1234.755,
"KOR","HEALTHEXP","VOLUNTARY","USD_CAP","A","2019",1329.092,
"KOR","HEALTHEXP","VOLUNTARY","USD_CAP","A","2020",1321.886,"P"
"LUX","HEALTHEXP","COMPULSORY","USD_CAP","A","2016",4066.893,
"LUX","HEALTHEXP","COMPULSORY","USD_CAP","A","2017",4188.382,
"LUX","HEALTHEXP","COMPULSORY","USD_CAP","A","2018",4389.511,
"LUX","HEALTHEXP","COMPULSORY","USD_CAP","A","2019",4600.024,
"LUX","HEALTHEXP","VOLUNTARY","USD_CAP","A","2016",733.152,
"LUX","HEALTHEXP","VOLUNTARY","USD_CAP","A","2017",731.757,
"LUX","HEALTHEXP","VOLUNTARY","USD_CAP","A","2018",757.622,
"LUX","HEALTHEXP","VOLUNTARY","USD_CAP","A","2019",742.359,
"MEX","HEALTHEXP","COMPULSORY","USD_CAP","A","2016",565.518,
"MEX","HEALTHEXP","COMPULSORY","USD_CAP","A","2017",555.711,
"MEX","HEALTHEXP","COMPULSORY","USD_CAP","A","2018",554.384,
"MEX","HEALTHEXP","COMPULSORY","USD_CAP","A","2019",558.64,
"MEX","HEALTHEXP","VOLUNTARY","USD_CAP","A","2016",537.292,
"MEX","HEALTHEXP","VOLUNTARY","USD_CAP","A","2017",543.937,
"MEX","HEALTHEXP","VOLUNTARY","USD_CAP","A","2018",561.648,
"MEX","HEALTHEXP","VOLUNTARY","USD_CAP","A","2019",574.326,
"NLD","HEALTHEXP","COMPULSORY","USD_CAP","A","2016",4118.363,
"NLD","HEALTHEXP","COMPULSORY","USD_CAP","A","2017",4291.724,
"NLD","HEALTHEXP","COMPULSORY","USD_CAP","A","2018",4547.308,
"NLD","HEALTHEXP","COMPULSORY","USD_CAP","A","2019",4742.984,
"NLD","HEALTHEXP","COMPULSORY","USD_CAP","A","2020",5325.465,"P"
"NLD","HEALTHEXP","VOLUNTARY","USD_CAP","A","2016",957.278,
"NLD","HEALTHEXP","VOLUNTARY","USD_CAP","A","2017",962.049,
"NLD","HEALTHEXP","VOLUNTARY","USD_CAP","A","2018",990.787,
"NLD","HEALTHEXP","VOLUNTARY","USD_CAP","A","2019",996.216,
"NLD","HEALTHEXP","VOLUNTARY","USD_CAP","A","2020",973.04,"P"
"NZL","HEALTHEXP","COMPULSORY","USD_CAP","A","2016",2935.828,"P"
"NZL","HEALTHEXP","COMPULSORY","USD_CAP","A","2017",3019.577,"P"
"NZL","HEALTHEXP","COMPULSORY","USD_CAP","A","2018",3215.482,"P"
"NZL","HEALTHEXP","COMPULSORY","USD_CAP","A","2019",3355.183,"E"
"NZL","HEALTHEXP","VOLUNTARY","USD_CAP","A","2016",796.76,"P"
"NZL","HEALTHEXP","VOLUNTARY","USD_CAP","A","2017",822.748,"P"
"NZL","HEALTHEXP","VOLUNTARY","USD_CAP","A","2018",843.264,"P"
"NOR","HEALTHEXP","COMPULSORY","USD_CAP","A","2016",5040.991,
"NOR","HEALTHEXP","COMPULSORY","USD_CAP","A","2017",5306.743,
"NOR","HEALTHEXP","COMPULSORY","USD_CAP","A","2018",5602.233,
"NOR","HEALTHEXP","COMPULSORY","USD_CAP","A","2019",5788.239,
"NOR","HEALTHEXP","COMPULSORY","USD_CAP","A","2020",5803.156,"P"
"NOR","HEALTHEXP","VOLUNTARY","USD_CAP","A","2016",863.23,
"NOR","HEALTHEXP","VOLUNTARY","USD_CAP","A","2017",927.634,
"NOR","HEALTHEXP","VOLUNTARY","USD_CAP","A","2018",934.528,
"NOR","HEALTHEXP","VOLUNTARY","USD_CAP","A","2019",956.383,
"NOR","HEALTHEXP","VOLUNTARY","USD_CAP","A","2020",945.276,"P"
"POL","HEALTHEXP","COMPULSORY","USD_CAP","A","2016",1358.063,
"POL","HEALTHEXP","COMPULSORY","USD_CAP","A","2017",1429.225,
"POL","HEALTHEXP","COMPULSORY","USD_CAP","A","2018",1517.709,
"POL","HEALTHEXP","COMPULSORY","USD_CAP","A","2019",1643.195,
"POL","HEALTHEXP","COMPULSORY","USD_CAP","A","2020",1867.556,"P"
"POL","HEALTHEXP","VOLUNTARY","USD_CAP","A","2016",601.031,
"POL","HEALTHEXP","VOLUNTARY","USD_CAP","A","2017",633.509,
"POL","HEALTHEXP","VOLUNTARY","USD_CAP","A","2018",605.131,
"POL","HEALTHEXP","VOLUNTARY","USD_CAP","A","2019",646.114,
"POL","HEALTHEXP","VOLUNTARY","USD_CAP","A","2020",679.408,"P"
"PRT","HEALTHEXP","COMPULSORY","USD_CAP","A","2016",1735.938,
"PRT","HEALTHEXP","COMPULSORY","USD_CAP","A","2017",1779.633,
"PRT","HEALTHEXP","COMPULSORY","USD_CAP","A","2018",1930.387,
"PRT","HEALTHEXP","COMPULSORY","USD_CAP","A","2019",2041.139,
"PRT","HEALTHEXP","COMPULSORY","USD_CAP","A","2020",2154.115,"P"
"PRT","HEALTHEXP","VOLUNTARY","USD_CAP","A","2016",1079.239,
"PRT","HEALTHEXP","VOLUNTARY","USD_CAP","A","2017",1126.762,
"PRT","HEALTHEXP","VOLUNTARY","USD_CAP","A","2018",1222.41,
"PRT","HEALTHEXP","VOLUNTARY","USD_CAP","A","2019",1306.29,
"PRT","HEALTHEXP","VOLUNTARY","USD_CAP","A","2020",1154.204,"P"
"SVK","HEALTHEXP","COMPULSORY","USD_CAP","A","2016",1639.039,
"SVK","HEALTHEXP","COMPULSORY","USD_CAP","A","2017",1578.366,
"SVK","HEALTHEXP","COMPULSORY","USD_CAP","A","2018",1642.317,
"SVK","HEALTHEXP","COMPULSORY","USD_CAP","A","2019",1746.719,
"SVK","HEALTHEXP","VOLUNTARY","USD_CAP","A","2016",400.572,
"SVK","HEALTHEXP","VOLUNTARY","USD_CAP","A","2017",396.102,
"SVK","HEALTHEXP","VOLUNTARY","USD_CAP","A","2018",407.151,
"SVK","HEALTHEXP","VOLUNTARY","USD_CAP","A","2019",442.333,
"ESP","HEALTHEXP","COMPULSORY","USD_CAP","A","2016",2252.883,
"ESP","HEALTHEXP","COMPULSORY","USD_CAP","A","2017",2342.078,
"ESP","HEALTHEXP","COMPULSORY","USD_CAP","A","2018",2419.998,
"ESP","HEALTHEXP","COMPULSORY","USD_CAP","A","2019",2542.498,"P"
"ESP","HEALTHEXP","VOLUNTARY","USD_CAP","A","2016",895.701,
"ESP","HEALTHEXP","VOLUNTARY","USD_CAP","A","2017",978.516,
"ESP","HEALTHEXP","VOLUNTARY","USD_CAP","A","2018",1023.658,
"ESP","HEALTHEXP","VOLUNTARY","USD_CAP","A","2019",1057.778,"P"
"SWE","HEALTHEXP","COMPULSORY","USD_CAP","A","2016",4320.614,
"SWE","HEALTHEXP","COMPULSORY","USD_CAP","A","2017",4421.192,
"SWE","HEALTHEXP","COMPULSORY","USD_CAP","A","2018",4626.312,
"SWE","HEALTHEXP","COMPULSORY","USD_CAP","A","2019",4712.743,
"SWE","HEALTHEXP","COMPULSORY","USD_CAP","A","2020",4895.114,"P"
"SWE","HEALTHEXP","VOLUNTARY","USD_CAP","A","2016",806.961,
"SWE","HEALTHEXP","VOLUNTARY","USD_CAP","A","2017",798.218,
"SWE","HEALTHEXP","VOLUNTARY","USD_CAP","A","2018",830.234,
"SWE","HEALTHEXP","VOLUNTARY","USD_CAP","A","2019",839.194,
"SWE","HEALTHEXP","VOLUNTARY","USD_CAP","A","2020",858.446,"P"
"CHE","HEALTHEXP","COMPULSORY","USD_CAP","A","2016",4456.937,
"CHE","HEALTHEXP","COMPULSORY","USD_CAP","A","2017",4522.947,
"CHE","HEALTHEXP","COMPULSORY","USD_CAP","A","2018",4585.412,
"CHE","HEALTHEXP","COMPULSORY","USD_CAP","A","2019",4765.671,
"CHE","HEALTHEXP","VOLUNTARY","USD_CAP","A","2016",2351.09,
"CHE","HEALTHEXP","VOLUNTARY","USD_CAP","A","2017",2343.527,
"CHE","HEALTHEXP","VOLUNTARY","USD_CAP","A","2018",2392.674,"B"
"CHE","HEALTHEXP","VOLUNTARY","USD_CAP","A","2019",2372.393,
"TUR","HEALTHEXP","COMPULSORY","USD_CAP","A","2016",885.419,
"TUR","HEALTHEXP","COMPULSORY","USD_CAP","A","2017",913.609,
"TUR","HEALTHEXP","COMPULSORY","USD_CAP","A","2018",939.517,
"TUR","HEALTHEXP","COMPULSORY","USD_CAP","A","2019",987.177,
"TUR","HEALTHEXP","VOLUNTARY","USD_CAP","A","2016",243.335,
"TUR","HEALTHEXP","VOLUNTARY","USD_CAP","A","2017",262.046,
"TUR","HEALTHEXP","VOLUNTARY","USD_CAP","A","2018",274.607,
"TUR","HEALTHEXP","VOLUNTARY","USD_CAP","A","2019",279.757,
"GBR","HEALTHEXP","COMPULSORY","USD_CAP","A","2016",3174.731,
"GBR","HEALTHEXP","COMPULSORY","USD_CAP","A","2017",3230.649,
"GBR","HEALTHEXP","COMPULSORY","USD_CAP","A","2018",3366.65,
"GBR","HEALTHEXP","COMPULSORY","USD_CAP","A","2019",3533.211,
"GBR","HEALTHEXP","COMPULSORY","USD_CAP","A","2020",4306.017,"P"
"GBR","HEALTHEXP","VOLUNTARY","USD_CAP","A","2016",814.213,
"GBR","HEALTHEXP","VOLUNTARY","USD_CAP","A","2017",865.369,
"GBR","HEALTHEXP","VOLUNTARY","USD_CAP","A","2018",922.004,
"GBR","HEALTHEXP","VOLUNTARY","USD_CAP","A","2019",966.93,
"GBR","HEALTHEXP","VOLUNTARY","USD_CAP","A","2020",961.688,"P"
"USA","HEALTHEXP","COMPULSORY","USD_CAP","A","2016",8079.658,
"USA","HEALTHEXP","COMPULSORY","USD_CAP","A","2017",8349.313,
"USA","HEALTHEXP","COMPULSORY","USD_CAP","A","2018",8714.817,
"USA","HEALTHEXP","COMPULSORY","USD_CAP","A","2019",9053.844,
"USA","HEALTHEXP","VOLUNTARY","USD_CAP","A","2016",1697.602,
"USA","HEALTHEXP","VOLUNTARY","USD_CAP","A","2017",1756.863,
"USA","HEALTHEXP","VOLUNTARY","USD_CAP","A","2018",1813.664,
"USA","HEALTHEXP","VOLUNTARY","USD_CAP","A","2019",1894.631,
"CHL","HEALTHEXP","COMPULSORY","USD_CAP","A","2016",1135.48,
"CHL","HEALTHEXP","COMPULSORY","USD_CAP","A","2017",1274.817,
"CHL","HEALTHEXP","COMPULSORY","USD_CAP","A","2018",1285.367,
"CHL","HEALTHEXP","COMPULSORY","USD_CAP","A","2019",1388.667,
"CHL","HEALTHEXP","COMPULSORY","USD_CAP","A","2020",1402.018,"P"
"CHL","HEALTHEXP","VOLUNTARY","USD_CAP","A","2016",805.776,
"CHL","HEALTHEXP","VOLUNTARY","USD_CAP","A","2017",844.735,
"CHL","HEALTHEXP","VOLUNTARY","USD_CAP","A","2018",845.664,
"CHL","HEALTHEXP","VOLUNTARY","USD_CAP","A","2019",902.797,
"CHL","HEALTHEXP","VOLUNTARY","USD_CAP","A","2020",829.549,"P"
"CHN","HEALTHEXP","COMPULSORY","USD_CAP","A","2016",388.173,
"CHN","HEALTHEXP","COMPULSORY","USD_CAP","A","2017",413.927,
"CHN","HEALTHEXP","COMPULSORY","USD_CAP","A","2018",459.015,
"CHN","HEALTHEXP","VOLUNTARY","USD_CAP","A","2016",279.912,
"CHN","HEALTHEXP","VOLUNTARY","USD_CAP","A","2017",316.444,
"CHN","HEALTHEXP","VOLUNTARY","USD_CAP","A","2018",351.825,
"COL","HEALTHEXP","COMPULSORY","USD_CAP","A","2016",838.273,
"COL","HEALTHEXP","COMPULSORY","USD_CAP","A","2017",872.91,
"COL","HEALTHEXP","COMPULSORY","USD_CAP","A","2018",923.579,
"COL","HEALTHEXP","COMPULSORY","USD_CAP","A","2019",989.425,"P"
"COL","HEALTHEXP","VOLUNTARY","USD_CAP","A","2016",263.355,
"COL","HEALTHEXP","VOLUNTARY","USD_CAP","A","2017",266.532,
"COL","HEALTHEXP","VOLUNTARY","USD_CAP","A","2018",271.775,
"COL","HEALTHEXP","VOLUNTARY","USD_CAP","A","2019",286.784,"P"
"CRI","HEALTHEXP","COMPULSORY","USD_CAP","A","2016",1061.383,
"CRI","HEALTHEXP","COMPULSORY","USD_CAP","A","2017",1083.6,
"CRI","HEALTHEXP","COMPULSORY","USD_CAP","A","2018",1142.827,"D"
"CRI","HEALTHEXP","COMPULSORY","USD_CAP","A","2019",1182.862,"B"
"CRI","HEALTHEXP","VOLUNTARY","USD_CAP","A","2016",351.883,
"CRI","HEALTHEXP","VOLUNTARY","USD_CAP","A","2017",361.838,
"CRI","HEALTHEXP","VOLUNTARY","USD_CAP","A","2018",405.221,
"CRI","HEALTHEXP","VOLUNTARY","USD_CAP","A","2019",416.955,"B"
"EST","HEALTHEXP","COMPULSORY","USD_CAP","A","2016",1534.49,
"EST","HEALTHEXP","COMPULSORY","USD_CAP","A","2017",1620.368,
"EST","HEALTHEXP","COMPULSORY","USD_CAP","A","2018",1743.55,
"EST","HEALTHEXP","COMPULSORY","USD_CAP","A","2019",1867.585,
"EST","HEALTHEXP","COMPULSORY","USD_CAP","A","2020",2305.578,"P"
"EST","HEALTHEXP","VOLUNTARY","USD_CAP","A","2016",493.709,
"EST","HEALTHEXP","VOLUNTARY","USD_CAP","A","2017",581.527,
"EST","HEALTHEXP","VOLUNTARY","USD_CAP","A","2018",622.236,
"EST","HEALTHEXP","VOLUNTARY","USD_CAP","A","2019",639.484,
"EST","HEALTHEXP","VOLUNTARY","USD_CAP","A","2020",642.927,"P"
"IND","HEALTHEXP","COMPULSORY","USD_CAP","A","2016",60.622,
"IND","HEALTHEXP","COMPULSORY","USD_CAP","A","2017",65.401,
"IND","HEALTHEXP","COMPULSORY","USD_CAP","A","2018",69.982,
"IND","HEALTHEXP","VOLUNTARY","USD_CAP","A","2016",163.702,
"IND","HEALTHEXP","VOLUNTARY","USD_CAP","A","2017",171.582,
"IND","HEALTHEXP","VOLUNTARY","USD_CAP","A","2018",186.234,
"IDN","HEALTHEXP","COMPULSORY","USD_CAP","A","2016",153.464,
"IDN","HEALTHEXP","COMPULSORY","USD_CAP","A","2017",149.251,
"IDN","HEALTHEXP","COMPULSORY","USD_CAP","A","2018",168.173,
"IDN","HEALTHEXP","VOLUNTARY","USD_CAP","A","2016",177.422,
"IDN","HEALTHEXP","VOLUNTARY","USD_CAP","A","2017",166.988,
"IDN","HEALTHEXP","VOLUNTARY","USD_CAP","A","2018",168.552,
"ISR","HEALTHEXP","COMPULSORY","USD_CAP","A","2016",1598.151,
"ISR","HEALTHEXP","COMPULSORY","USD_CAP","A","2017",1677.671,
"ISR","HEALTHEXP","COMPULSORY","USD_CAP","A","2018",1830.899,
"ISR","HEALTHEXP","COMPULSORY","USD_CAP","A","2019",1880.82,
"ISR","HEALTHEXP","VOLUNTARY","USD_CAP","A","2016",892.143,
"ISR","HEALTHEXP","VOLUNTARY","USD_CAP","A","2017",912.353,
"ISR","HEALTHEXP","VOLUNTARY","USD_CAP","A","2018",949.038,
"ISR","HEALTHEXP","VOLUNTARY","USD_CAP","A","2019",962.097,
"LVA","HEALTHEXP","COMPULSORY","USD_CAP","A","2016",901.578,
"LVA","HEALTHEXP","COMPULSORY","USD_CAP","A","2017",961.078,
"LVA","HEALTHEXP","COMPULSORY","USD_CAP","A","2018",1118.14,
"LVA","HEALTHEXP","COMPULSORY","USD_CAP","A","2019",1275.183,
"LVA","HEALTHEXP","VOLUNTARY","USD_CAP","A","2016",712.224,
"LVA","HEALTHEXP","VOLUNTARY","USD_CAP","A","2017",715.336,
"LVA","HEALTHEXP","VOLUNTARY","USD_CAP","A","2018",749.142,
"LVA","HEALTHEXP","VOLUNTARY","USD_CAP","A","2019",798.824,
"LTU","HEALTHEXP","COMPULSORY","USD_CAP","A","2016",1397.047,
"LTU","HEALTHEXP","COMPULSORY","USD_CAP","A","2017",1475.486,
"LTU","HEALTHEXP","COMPULSORY","USD_CAP","A","2018",1622.141,
"LTU","HEALTHEXP","COMPULSORY","USD_CAP","A","2019",1810.376,
"LTU","HEALTHEXP","COMPULSORY","USD_CAP","A","2020",1952.087,"P"
"LTU","HEALTHEXP","VOLUNTARY","USD_CAP","A","2016",700.404,
"LTU","HEALTHEXP","VOLUNTARY","USD_CAP","A","2017",754.969,
"LTU","HEALTHEXP","VOLUNTARY","USD_CAP","A","2018",792.105,
"LTU","HEALTHEXP","VOLUNTARY","USD_CAP","A","2019",916.187,
"LTU","HEALTHEXP","VOLUNTARY","USD_CAP","A","2020",987.903,"P"
"RUS","HEALTHEXP","COMPULSORY","USD_CAP","A","2016",800.872,
"RUS","HEALTHEXP","COMPULSORY","USD_CAP","A","2017",868.32,
"RUS","HEALTHEXP","COMPULSORY","USD_CAP","A","2018",1019.054,
"RUS","HEALTHEXP","COMPULSORY","USD_CAP","A","2019",1131.47,
"RUS","HEALTHEXP","VOLUNTARY","USD_CAP","A","2016",605.399,
"RUS","HEALTHEXP","VOLUNTARY","USD_CAP","A","2017",652.68,
"RUS","HEALTHEXP","VOLUNTARY","USD_CAP","A","2018",694.893,
"RUS","HEALTHEXP","VOLUNTARY","USD_CAP","A","2019",718.791,
"SVN","HEALTHEXP","COMPULSORY","USD_CAP","A","2016",1991.463,
"SVN","HEALTHEXP","COMPULSORY","USD_CAP","A","2017",2045.078,
"SVN","HEALTHEXP","COMPULSORY","USD_CAP","A","2018",2228.9,
"SVN","HEALTHEXP","COMPULSORY","USD_CAP","A","2019",2404.424,
"SVN","HEALTHEXP","COMPULSORY","USD_CAP","A","2020",2882.089,"P"
"SVN","HEALTHEXP","VOLUNTARY","USD_CAP","A","2016",746.761,
"SVN","HEALTHEXP","VOLUNTARY","USD_CAP","A","2017",787.567,
"SVN","HEALTHEXP","VOLUNTARY","USD_CAP","A","2018",831.835,
"SVN","HEALTHEXP","VOLUNTARY","USD_CAP","A","2019",899.047,
"SVN","HEALTHEXP","VOLUNTARY","USD_CAP","A","2020",901.064,"P"
"ZAF","HEALTHEXP","COMPULSORY","USD_CAP","A","2016",453.446,
"ZAF","HEALTHEXP","COMPULSORY","USD_CAP","A","2017",458.801,
"ZAF","HEALTHEXP","COMPULSORY","USD_CAP","A","2018",475.648,
"ZAF","HEALTHEXP","VOLUNTARY","USD_CAP","A","2016",603.145,
"ZAF","HEALTHEXP","VOLUNTARY","USD_CAP","A","2017",613.553,
"ZAF","HEALTHEXP","VOLUNTARY","USD_CAP","A","2018",627.884,
"BGR","HEALTHEXP","COMPULSORY","USD_CAP","A","2016",884.791,
"BGR","HEALTHEXP","COMPULSORY","USD_CAP","A","2017",953.796,
"BGR","HEALTHEXP","COMPULSORY","USD_CAP","A","2018",1054.018,
"BGR","HEALTHEXP","COMPULSORY","USD_CAP","A","2019",1116.1,
"BGR","HEALTHEXP","VOLUNTARY","USD_CAP","A","2016",713.561,
"BGR","HEALTHEXP","VOLUNTARY","USD_CAP","A","2017",738.895,
"BGR","HEALTHEXP","VOLUNTARY","USD_CAP","A","2018",730.045,
"BGR","HEALTHEXP","VOLUNTARY","USD_CAP","A","2019",725.947,
"HRV","HEALTHEXP","COMPULSORY","USD_CAP","A","2016",1382.53,
"HRV","HEALTHEXP","COMPULSORY","USD_CAP","A","2017",1454.959,
"HRV","HEALTHEXP","COMPULSORY","USD_CAP","A","2018",1558.85,
"HRV","HEALTHEXP","COMPULSORY","USD_CAP","A","2019",1649.781,
"HRV","HEALTHEXP","VOLUNTARY","USD_CAP","A","2016",292.842,
"HRV","HEALTHEXP","VOLUNTARY","USD_CAP","A","2017",307.686,
"HRV","HEALTHEXP","VOLUNTARY","USD_CAP","A","2018",342.121,
"HRV","HEALTHEXP","VOLUNTARY","USD_CAP","A","2019",364.424,
"CYP","HEALTHEXP","COMPULSORY","USD_CAP","A","2016",958.318,
"CYP","HEALTHEXP","COMPULSORY","USD_CAP","A","2017",1002.475,
"CYP","HEALTHEXP","COMPULSORY","USD_CAP","A","2018",1116.914,
"CYP","HEALTHEXP","COMPULSORY","USD_CAP","A","2019",1537.815,
"CYP","HEALTHEXP","VOLUNTARY","USD_CAP","A","2016",1309.02,
"CYP","HEALTHEXP","VOLUNTARY","USD_CAP","A","2017",1381.588,
"CYP","HEALTHEXP","VOLUNTARY","USD_CAP","A","2018",1489.514,
"CYP","HEALTHEXP","VOLUNTARY","USD_CAP","A","2019",1184.417,
"MLT","HEALTHEXP","COMPULSORY","USD_CAP","A","2016",2175.425,
"MLT","HEALTHEXP","COMPULSORY","USD_CAP","A","2017",2335.542,
"MLT","HEALTHEXP","COMPULSORY","USD_CAP","A","2018",2425.117,
"MLT","HEALTHEXP","VOLUNTARY","USD_CAP","A","2016",1276.083,
"MLT","HEALTHEXP","VOLUNTARY","USD_CAP","A","2017",1355.8,
"MLT","HEALTHEXP","VOLUNTARY","USD_CAP","A","2018",1394.678,
"ROU","HEALTHEXP","COMPULSORY","USD_CAP","A","2016",979.853,
"ROU","HEALTHEXP","COMPULSORY","USD_CAP","A","2017",1112.029,
"ROU","HEALTHEXP","COMPULSORY","USD_CAP","A","2018",1326.964,
"ROU","HEALTHEXP","COMPULSORY","USD_CAP","A","2019",1524.456,
"ROU","HEALTHEXP","VOLUNTARY","USD_CAP","A","2016",271.108,
"ROU","HEALTHEXP","VOLUNTARY","USD_CAP","A","2017",301.83,
"ROU","HEALTHEXP","VOLUNTARY","USD_CAP","A","2018",337.332,
"ROU","HEALTHEXP","VOLUNTARY","USD_CAP","A","2019",370.561,
